Sample,Sex,Family,Plate,Week_3_area,Week_3_perimeter,Week_3_Circularity,Days_until_gametophores,Total_Gametophores
P_1_2_1,m,1,10A,0.763198497,4.412120804,0.492416227,100,0
P_1_2_1,m,1,10B,0.490386524,4.592722136,0.292003343,100,0
P_1_2_1,m,1,10C,1.05178225,4.432299724,0.672445722,100,0
P_1_2_10,f,1,1C,0.491309485,4.008273357,0.384087456,100,0
P_1_2_10,f,1,1A,0.64593717,4.222708011,0.454985768,100,0
P_1_2_10,f,1,1B,0.520319425,3.45436201,0.547676342,100,0
P_1_2_11,m,1,15A,0.910284141,3.996166005,0.715944857,100,0
P_1_2_11,m,1,15B,0.621094129,3.393623461,0.677360327,100,0
P_1_2_11,m,1,15C,0.996648886,4.593327504,0.593303625,100,0
P_1_5_1,f,2,17A,0.503764938,4.262460483,0.348254587,100,0
P_1_5_1,f,2,17B,0.011220314,0.564606175,0.442082568,100,0
P_1_5_1,f,2,17C,0.781879414,3.997645793,0.614498456,100,0
P_1_5_11,m,2,12A,0.736753846,3.63953723,0.698585744,100,0
P_1_5_11,m,2,12B,0.52726878,3.481334499,0.546424532,100,0
P_1_5_11,m,2,12C,0.74474832,6.26064438,0.238649814,100,0
P_1_5_12,f,2,9C,0.24997773,3.267774265,0.294026763,100,0
P_1_5_12,f,2,9A,0.161825879,3.005851887,0.224958527,100,0
P_1_5_12,f,2,9B,0.180158424,2.17508576,0.478290155,100,0
P_1_5_2,f,2,13B,0.715747428,6.15840452,0.237035291,7,0
P_1_5_2,f,2,13A,0.56942187,3.581421941,0.557587209,100,0
P_1_5_2,f,2,13C,0.626319719,4.655613103,0.362937598,100,0
P_1_5_3,f,2,13A,0.452576781,4.74769624,0.252183146,7,18
P_1_5_3,f,2,13B,0.728374806,6.037600054,0.250966569,13,19
P_1_5_3,f,2,13C,0.569643562,4.171319029,0.41119329,100,0
P_1_5_4,m,2,11A,0.897665812,4.111723952,0.666893409,100,0
P_1_5_4,m,2,11B,0.82997746,4.203336248,0.590021275,100,0
P_1_5_4,m,2,11C,0.870940654,4.003094101,0.682631939,100,0
P_1_5_5,m,2,16A,0.720801094,4.073316742,0.545643156,100,0
P_1_5_5,m,2,16B,0.805152516,4.556467344,0.487092306,100,0
P_1_5_5,m,2,16C,0.910442492,4.344723212,0.605784183,100,0
P_1_5_6,f,2,3B,0.852725742,5.817178987,0.316500324,100,0
P_1_5_6,f,2,3C,0.914935142,8.105872066,0.174896234,100,0
P_1_5_6,f,2,3A,0.979316216,7.423690052,0.22318907,100,0
P_1_5_9,m,2,15C,0.678928512,3.944844286,0.547966435,7,0
P_1_5_9,m,2,15B,0.470669537,3.000672631,0.656551043,100,0
P_1_5_9,m,2,15A,0.425824477,2.792964283,0.685629502,100,0
P_1_6_13,m,3,18B,0.97948814,7.318490617,0.229691953,13,18
P_1_6_13,m,3,18C,0.88380782,6.874756171,0.234872884,100,0
P_1_6_13,m,3,18A,0.737305813,5.620636309,0.293134091,100,0
P_1_6_14,m,3,13A,0.370320119,3.718436806,0.336392369,100,0
P_1_6_14,m,3,13C,0.337686198,4.616331472,0.199025617,100,0
P_1_6_14,m,3,13B,0.394991236,4.003699469,0.309495371,100,0
P_1_6_15,f,3,2B,1.026106734,5.873949015,0.373526856,100,0
P_1_6_15,f,3,2C,0.541457048,6.656487523,0.153484105,100,0
P_1_6_15,f,3,2A,0.701446053,6.77951167,0.191684541,100,0
P_1_6_2,f,3,19A,0.367329543,4.529494854,0.224877475,100,0
P_1_6_2,f,3,19B,0.211371707,4.590300666,0.125995266,100,0
P_1_6_2,f,3,19C,0.081415139,1.627160826,0.386219189,100,0
P_1_6_3,f,3,10A,0.393041254,3.585861304,0.383920056,100,0
P_1_6_3,f,3,10B,0.023969848,0.93307325,0.345798761,100,0
P_1_6_3,f,3,10C,0.088445932,1.656487523,0.404847224,100,0
P_1_6_5,f,3,3C,0.915342331,7.108428062,0.227523385,100,0
P_1_6_5,f,3,3B,0.638571577,5.028250488,0.317223546,100,0
P_1_6_5,f,3,3A,1.224796772,8.031210063,0.238501822,100,0
P_1_6_7,f,3,12B,0.5946721,4.893522567,0.311906203,100,0
P_1_6_7,f,3,12C,0.509750613,4.101903545,0.380519142,100,0
P_1_6_7,f,3,12A,0.437090034,4.561377548,0.263856928,100,0
P_11_16_12,f,4,5B,0.97928907,6.353400148,0.304710998,100,0
P_11_16_12,f,4,5C,1.00929436,7.395305038,0.231790323,100,0
P_11_16_12,f,4,5A,0.890951721,5.581152889,0.359249334,100,0
P_11_16_14,m,4,9A,0.641756699,6.447030336,0.193928046,100,0
P_11_16_14,m,4,9B,0.556156564,4.997242214,0.279721537,100,0
P_11_16_14,m,4,9C,0.566046727,5.623932199,0.224782124,100,0
P_11_16_15,m,4,15A,1.070766297,4.568372906,0.644408467,100,0
P_11_16_15,m,4,15B,0.943791255,4.282504877,0.64635313,100,0
P_11_16_15,m,4,15C,0.752643258,5.413533329,0.322564958,100,0
P_11_16_18,f,4,7C,1.002313335,4.845900316,0.53609801,100,0
P_11_16_18,f,4,7B,0.876668443,5.017353871,0.437396746,100,0
P_11_16_18,f,4,7A,0.626586654,3.770700209,0.553511654,100,0
P_11_16_20,m,4,11A,0.835895271,5.72751732,0.32004326,100,0
P_11_16_20,m,4,11B,0.739364379,5.78280756,0.277696677,100,0
P_11_16_20,m,4,11C,0.63020611,4.944978812,0.323700506,100,0
P_11_16_5,f,4,3B,0.810360009,7.142799489,0.199494406,7,0
P_11_16_5,f,4,3C,0.757009227,4.089056299,0.568649462,100,0
P_11_16_5,f,4,3A,1.00117773,7.71762965,0.211121738,100,0
P_11_16_7,f,4,12A,0.558531832,7.761619695,0.116448219,100,0
P_11_16_7,f,4,12B,0.679367371,4.319163247,0.457398869,100,0
P_11_16_7,f,4,12C,0.396036354,2.985336652,0.55813347,100,0
P_14_11_14,m,5,9C,0.333989829,3.37384812,0.368529132,7,0
P_14_11_14,m,5,9B,0.628301371,3.52895675,0.633672668,100,0
P_14_11_14,m,5,9A,0.646679159,3.807493106,0.560273721,100,0
P_14_11_15,m,5,13A,0.992961565,4.544023677,0.604005519,100,0
P_14_11_15,m,5,13B,0.793497868,4.940001345,0.408395802,100,0
P_14_11_15,m,5,13C,0.989527606,5.272280891,0.447116271,100,0
P_14_11_16,m,5,6A,0.834922542,6.114010897,0.280532647,16,21
P_14_11_16,m,5,6B,0.817811564,6.191767001,0.267925269,100,0
P_14_11_16,m,5,6C,0.87546045,5.108091747,0.421413838,100,0
P_14_11_4,f,5,5C,0.542800771,3.516513083,0.551322378,100,0
P_14_11_4,f,5,5A,0.45813717,2.926010628,0.672099187,100,0
P_14_11_4,f,5,5B,0.503181301,3.463442524,0.526863561,100,0
P_14_11_5,m,5,28A,0.615655896,4.316069146,0.415098243,100,0
P_14_11_5,m,5,28B,0.534394584,3.984933073,0.422677981,100,0
P_14_11_5,m,5,28C,0.544877434,3.928095783,0.443531351,100,0
P_14_11_6,f,5,2A,0.611959527,4.059191498,0.466480248,100,0
P_14_11_6,f,5,2B,0.614411708,4.711239658,0.347679215,100,0
P_14_11_6,f,5,2C,0.458309095,3.175892917,0.570711223,100,0
P_14_11_7,f,5,8C,0.360126826,2.739826461,0.6025582,7,0
P_14_11_7,f,5,8B,0.487205927,3.437008139,0.518013503,100,0
P_14_11_7,f,5,8A,0.29069661,2.578865945,0.548999657,100,0
P_14_11_8,f,5,7A,0.786865215,3.905293603,0.64801134,100,0
P_14_11_8,f,5,7C,0.721334964,3.850675994,0.61101612,100,0
P_14_11_8,f,5,7B,0.242969558,5.516983924,0.100262393,100,0
P_14_13_10,f,6,19A,0.787421706,4.872738279,0.416534378,100,0
P_14_13_10,f,6,19B,0.392127341,4.602542544,0.232499028,100,0
P_14_13_10,f,6,19C,0.506425238,6.629515033,0.144724301,100,0
P_14_13_12,f,6,9A,0.421277535,3.989843277,0.332388712,100,0
P_14_13_12,f,6,9B,0.434176372,3.191632475,0.535340467,100,0
P_14_13_12,f,6,9C,0.288565656,3.355687092,0.321863231,100,0
P_14_13_13,m,6,20C,0.360402809,2.674581287,0.632799611,100,0
P_14_13_13,m,6,20B,0.598947583,3.182350172,0.74281818,100,0
P_14_13_13,m,6,20A,0.516718066,5.371762965,0.224910434,100,0
P_14_13_14,m,6,5A,0.927643957,4.374924329,0.608737236,100,0
P_14_13_14,m,6,5B,0.738043278,4.075065581,0.558215978,100,0
P_14_13_14,m,6,5C,0.811255824,4.355081725,0.537223311,100,0
P_14_13_2,f,6,1B,0.502968658,3.16587072,0.630295505,7,0
P_14_13_2,f,6,1C,0.377572604,3.035447636,0.514688688,100,0
P_14_13_2,f,6,1A,0.472700957,2.968520885,0.673745539,100,0
P_14_13_4,m,6,28B,0.759135657,4.479451133,0.475181391,100,0
P_14_13_4,m,6,28C,0.660053049,4.515033295,0.406674149,100,0
P_14_13_4,m,6,28A,0.494073844,5.54476357,0.201843811,100,0
P_14_13_5,m,6,16A,0.63349529,4.727450057,0.356023882,100,0
P_14_13_5,m,6,16B,0.547940399,5.950830699,0.194342494,100,0
P_14_13_5,m,6,16C,0.44340146,4.46599852,0.279221984,100,0
P_14_13_6,f,6,3B,0.786028216,4.579000471,0.470854146,7,0
P_14_13_6,f,6,3C,0.458829391,3.943431762,0.370588731,100,0
P_14_13_6,f,6,3A,1.000702677,7.571601534,0.2192397,100,0
P_14_13_7,f,6,27C,0.610882739,4.425438892,0.391773266,12,21
P_14_13_7,f,6,27A,0.34655839,4.093495662,0.259763058,100,0
P_14_13_7,f,6,27B,0.669698899,5.420663214,0.286262443,100,0
P_14_16_13,m,7,2B,0.818956217,6.89096657,0.216615753,100,0
P_14_16_13,m,7,2A,0.685561165,7.512813614,0.152556466,100,0
P_14_16_13,m,7,2C,0.572742721,8.594874554,0.097380081,100,0
P_14_16_14,f,7,18A,1.047778227,6.90018161,0.276399954,100,0
P_14_16_14,f,7,18B,1.113905688,6.605569382,0.320639885,100,0
P_14_16_14,f,7,18C,0.872605604,5.658169099,0.342338538,100,0
P_14_16_15,m,7,27A,0.841763314,7.151005583,0.206749944,100,0
P_14_16_15,m,7,27B,0.589378646,4.661397727,0.340683983,100,0
P_14_16_15,m,7,27C,0,0,#DIV/0!,100,0
P_14_16_16,m,7,6A,0.910686805,5.021591444,0.453603015,100,0
P_14_16_16,m,7,6B,0.743332208,4.240129145,0.519295335,100,0
P_14_16_16,m,7,6C,0.779305076,3.98486581,0.616410094,100,0
P_14_16_3,m,7,26A,0.55831014,4.723145221,0.314342105,7,0
P_14_16_3,m,7,26C,0.858073488,5.757180332,0.32515801,100,0
P_14_16_3,m,7,26B,0.769935209,5.653729737,0.302533681,100,0
P_14_16_4,f,7,10A,0.049631791,1.351314993,0.341378679,100,0
P_14_16_4,f,7,10B,0.02282067,1.026905226,0.271804915,100,0
P_14_16_4,f,7,10C,0.163558693,2.101029125,0.465370796,100,0
P_14_16_5,f,7,30B,0.539181315,5.08555862,0.261846723,100,0
P_14_16_5,f,7,30A,0.451418555,4.402502186,0.292529646,100,0
P_14_16_5,f,7,30C,0.499317531,4.442927289,0.317707921,100,0
P_14_16_7,f,7,19A,0.446301549,6.315867357,0.140524495,100,0
P_14_16_7,f,7,19B,0.3383377,5.019909867,0.168635185,100,0
P_14_16_7,f,7,19C,0.111872861,1.764444743,0.451334218,100,0
P_14_16_8,m,7,13A,0.751227146,4.561108495,0.453544711,100,0
P_14_16_8,m,7,13B,0.947501198,5.491760274,0.394590172,100,0
P_14_16_8,m,7,13C,0.81105223,4.471312302,0.509528467,100,0
P_14_22_1,f,8,12C,0.383051555,4.193246788,0.273618856,7,19
P_14_22_1,f,8,12A,0.694840546,6.886998049,0.18399875,9,18
P_14_22_1,f,8,12B,0.246969057,2.776619358,0.402345816,100,0
P_14_22_1,f,8,27B,1.102341526,7.743189615,0.230922377,100,0
P_14_22_1,f,8,27A,0.923463485,8.47521356,0.161476031,100,0
P_14_22_1,f,8,27C,1.075856157,6.369341495,0.333084774,100,0
P_14_22_4,m,8,9C,0.540068082,4.560368602,0.326165676,100,0
P_14_22_4,m,8,9A,0.638295594,4.693751261,0.363891025,100,0
P_14_22_4,m,8,9B,0.44243778,3.469227147,0.461717538,100,0
P_14_22_5,f,8,13B,0.465647542,4.359655613,0.307710691,7,19
P_14_22_5,f,8,13C,0.553541507,4.985538441,0.279714959,7,0
P_14_22_5,f,8,13A,0.283842266,2.887199839,0.427674163,100,0
P_14_22_9,f,8,8B,0.663916818,4.223986009,0.467367348,100,0
P_14_22_9,f,8,8C,0.66267263,4.860092823,0.352370502,100,0
P_14_22_9,f,8,8A,0.543918278,4.425506155,0.348816801,100,0
P_14_7_11,m,9,30A,0.254882093,3.881213426,0.212517116,100,0
P_14_7_11,m,9,30C,0.26122519,3.182081119,0.324027746,100,0
P_14_7_11,m,9,30B,0.271364191,2.838165064,0.423123238,100,0
P_14_7_14,m,9,13A,0.68220412,5.545705253,0.278605965,100,0
P_14_7_14,m,9,13C,0.846391694,4.569449115,0.509135455,100,0
P_14_7_14,m,9,13B,0.873587381,5.240263671,0.399567091,100,0
P_14_7_15,m,9,31A,0.808912226,7.845833053,0.165049006,100,0
P_14_7_15,m,9,31B,1.23379112,9.380305374,0.176115397,100,0
P_14_7_15,m,9,31C,0.499964509,3.4844286,0.517208527,100,0
P_14_7_2,f,9,19A,0.113334217,3.095042712,0.148599516,100,0
P_14_7_2,f,9,19B,0.040741502,0.949014596,0.56817339,100,0
P_14_7_2,f,9,19C,0.049726801,0.956211744,0.683080705,100,0
P_14_7_3,f,9,20A,0.096006071,2.427860362,0.20456952,100,0
P_14_7_3,f,9,20B,0.157957585,2.136544024,0.434616723,100,0
P_14_7_3,f,9,20C,0.033448298,1.222506222,0.281100428,100,0
P_14_7_5,f,9,18A,0.554808316,4.762897693,0.307177991,100,0
P_14_7_5,f,9,18C,0.535864988,5.936100087,0.191004057,100,0
P_14_7_5,f,9,18B,0.931435337,5.366449183,0.406226553,100,0
P_14_7_7,f,9,12B,1.031042767,5.990650434,0.360843065,100,0
P_14_7_7,f,9,12A,1.25604625,7.874016278,0.254450117,100,0
P_14_7_7,f,9,12C,0.96458503,9.354072779,0.138461384,100,0
P_15_3_1 B,F,10,8A,0.607009921,4.770229367,0.335047904,7,0
P_15_3_1 B,F,10,8C,0.931123159,6.259904486,0.298442971,7,0
P_15_3_1 B,F,10,8B,0.667192426,4.750252236,0.371370502,100,0
P_15_3_12_B,f,10,18A,0.701246983,5.503194996,0.290824401,15,21
P_15_3_12_B,f,10,18B,0.707210037,4.832178651,0.380410145,15,21
P_15_3_12_B,f,10,18C,0.529440454,6.575301002,0.153806782,100,0
P_15_3_13B,f,10,28A,0.430584061,4.60355149,0.255188782,7,0
P_15_3_13B,f,10,28B,0.07565568,1.62373041,0.36041539,7,0
P_15_3_13B,f,10,28C,0.072009078,1.387906101,0.469522834,7,0
P_15_3_14B,m,10,3A,1.47315932,9.743324141,0.194905931,100,0
P_15_3_14B,m,10,3B,1.138653719,8.903342974,0.180416021,100,0
P_15_3_14B,m,10,3C,0.892299969,7.620165467,0.193006401,100,0
P_15_3_3_B,f,10,19A,0.544832191,6.622385148,0.15603554,7,0
P_15_3_3_B,f,10,19B,0.604865393,5.665769826,0.236663086,7,0
P_15_3_3_B,f,10,19C,0.794832543,6.498284792,0.236411064,7,0
P_15_3_4_B,f,10,5A,0.723515686,4.531445483,0.442551759,100,0
P_15_3_4_B,f,10,5B,0.740775967,4.294006861,0.504604426,100,0
P_15_3_4_B,f,10,5C,0.756443687,4.8231654,0.408415233,100,0
P_15_3_5B,m,10,21A,1.260593192,6.16102778,0.417117358,7,0
P_15_3_5B,m,10,21C,1.336199104,6.775475886,0.365578972,100,0
P_15_3_5B,m,10,21B,0.912745371,5.973094774,0.321322004,100,0
P_15_6_10,f,11,9A,0.612502445,7.532521692,0.135586573,100,0
P_15_6_10,f,11,9B,0.373916953,3.659110782,0.350762922,100,0
P_15_6_10,f,11,9C,0.335351649,5.152014529,0.158685019,100,0
P_15_6_2,m,11,26A,0.550406153,4.402165871,0.356730395,7,0
P_15_6_2,m,11,26C,0.626075405,5.198896886,0.290933596,100,0
P_15_6_2,m,11,26B,0.440171096,4.154301473,0.320342928,100,0
P_15_6_3,F,11,28B,0.970326392,6.858613036,0.259080593,7,0
P_15_6_3,F,11,28A,0.904768995,11.03141185,0.093382426,100,0
P_15_6_3,F,11,28C,1.119393688,9.746350979,0.148009094,100,0
P_15_6_4,F,11,24C,0.67937642,4.251294814,0.472125723,100,0
P_15_6_4,F,11,24B,0.777830148,4.112934688,0.577524995,100,0
P_15_6_4,F,11,24A,0.795959098,5.047689514,0.392369394,100,0
P_15_6_6,M,11,1B,0.96634499,5.833523912,0.356664491,100,0
P_15_6_6,M,11,1C,0.828701602,4.740768144,0.463116641,100,0
P_15_6_6,M,11,1A,0.93763818,4.679289702,0.537854808,100,0
P_15_6_7,m,11,23A,0.941352647,5.504069415,0.3902781,21,0
P_15_6_7,m,11,23B,0.896136592,5.975112666,0.31526202,100,0
P_15_6_7,m,11,23C,0.497752117,3.327167552,0.564746322,100,0
P_15_6_8,m,11,27C,1.06738663,6.328580077,0.334733238,7,0
P_15_6_8,m,11,27B,0.967059833,7.373579068,0.223401611,7,0
P_15_6_8,m,11,27A,0.734559551,5.755633282,0.278503347,100,0
P_16_11_15,f,12,8C,1.1585743,7.136342234,0.285734178,100,0
P_16_11_15,f,12,8A,0.899719854,5.914374117,0.323057151,100,0
P_16_11_15,f,12,8B,0.834768715,4.881347952,0.440023906,100,0
P_16_11_16,f,12,15A,0.908718726,5.621779781,0.361136562,100,0
P_16_11_16,f,12,15B,0.9988839,5.922647474,0.35766207,100,0
P_16_11_16,f,12,15C,0.624369737,4.486648281,0.389571729,100,0
P_16_11_18,m,12,6A,0.781861317,4.146297168,0.57121357,100,0
P_16_11_18,m,12,6B,0.832692052,4.017690186,0.647919679,100,0
P_16_11_18,m,12,6C,0.751724821,3.52478644,0.759946312,100,0
P_16_11_20,m,12,10A,0.045501087,1.038474474,0.529931524,100,0
P_16_11_20,m,12,10B,0.226804163,7.885114684,0.045816787,100,0
P_16_11_20,m,12,10C,0.02957548,0.911280016,0.447319415,100,0
P_16_11_25,m,12,2B,0.956396011,4.700208516,0.543742332,7,0
P_16_11_25,m,12,2C,1.171966287,10.3531311,0.137328707,100,0
P_16_11_25,m,12,2A,0.754882797,4.157799152,0.548456458,100,0
P_16_11_9,f,12,4A,0.467470843,4.625815565,0.274389533,100,0
P_16_11_9,f,12,4B,0.452943251,4.300934957,0.3075443,100,0
P_16_11_9,f,12,4C,0.503896143,3.687832111,0.465359292,100,0
P_17_1_1,f,13,11A,0.40823392,6.925674312,0.106899235,100,0
P_17_1_1,f,13,11B,0.529196141,5.791013654,0.198197024,100,0
P_17_1_1,f,13,11C,0.362004418,8.988901594,0.056271729,100,0
P_17_1_13,f,13,6B,0.569245422,3.946996704,0.458939733,100,0
P_17_1_13,f,13,6C,0.541122248,3.485706599,0.559375412,100,0
P_17_1_13,f,13,6A,0.631988692,4.035649425,0.487384914,100,0
P_17_1_2,m,13,1C,0.647158737,4.174480393,0.466439807,100,0
P_17_1_2,m,13,1A,0.722226255,3.904620973,0.594983807,100,0
P_17_1_2,m,13,1B,0.633857236,3.709759871,0.578481525,100,0
P_17_1_24,f,13,26B,1.013167178,6.163045672,0.335027132,17,20
P_17_1_24,f,13,26C,0.741486285,5.284791821,0.333454815,100,0
P_17_1_24,f,13,26A,0.983890303,6.275442255,0.313796174,100,0
P_17_1_5,f,13,4A,0.47650591,4.621645255,0.280197797,7,0
P_17_1_5,f,13,4C,0.5545821,5.706262191,0.213920321,100,0
P_17_1_5,f,13,4B,0.511877044,5.106073855,0.246593207,100,0
P_17_1_7,m,13,8B,1.303443027,6.746216453,0.359717155,7,0
P_17_1_7,m,13,8A,1.057586952,5.885989103,0.383412984,100,0
P_17_1_7,m,13,8C,1.23062862,5.820407614,0.456257325,100,0
P_17_1_8,m,13,19A,1.2720171,9.754826125,0.167897227,100,0
P_17_1_8,m,13,19B,1.372434383,9.550413668,0.188989146,100,0
P_17_1_8,m,13,19C,0.400574247,6.073518531,0.136392956,100,0
P_17_2_12,m,14,26B,0.819842984,4.978744871,0.415413475,100,0
P_17_2_12,m,14,26C,0.91222055,5.226003901,0.419517452,100,0
P_17_2_12,m,14,26A,0.727465417,4.350036995,0.482854286,100,0
P_17_2_14,F,14,9B,0.628735706,3.950897962,0.505901698,7,0
P_17_2_14,F,14,9A,0.771401089,4.902266765,0.403158672,7,0
P_17_2_14,F,14,9C,0.773586336,5.787045134,0.290124691,100,0
P_17_2_18,f,14,5B,0.820892626,4.750924867,0.456793241,100,0
P_17_2_18,f,14,5C,0.824104893,4.41662743,0.530628536,100,0
P_17_2_18,f,14,5A,0.641458094,4.147709693,0.468318405,100,0
P_17_2_20,f,14,3B,0.885572305,5.907176969,0.318752575,100,0
P_17_2_20,f,14,3A,0.816114944,7.900517926,0.164221436,100,0
P_17_2_20,f,14,3C,0.828932343,6.687697585,0.232785257,100,0
P_17_2_22,f,14,7B,1.017352174,5.766395372,0.384283842,100,0
P_17_2_22,f,14,7A,0.884947949,4.325015134,0.594199256,100,0
P_17_2_22,f,14,7C,0.894878831,4.816842672,0.484427681,100,0
P_17_2_25,f,14,10B,0.046853858,1.305105267,0.345496708,100,0
P_17_2_25,f,14,10A,0.319742745,37.53608663,0.002850312,100,0
P_17_2_25,f,14,10C,0.23843619,1.287953185,1.805351029,100,0
P_17_2_8,m,14,1A,0.792647296,4.327907446,0.531512757,100,0
P_17_2_8,m,14,1B,0.563793616,3.174614919,0.702631616,100,0
P_17_2_8,m,14,1C,0.622677641,3.751261182,0.555774101,100,0
P_18_1_1 B,f,15,8C,0.878758679,5.983587812,0.308273312,100,0
P_18_1_1 B,f,15,8A,0.805899029,6.255868702,0.258639601,100,0
P_18_1_1 B,f,15,8B,0.765709494,5.015335979,0.382343409,100,0
P_18_1_11_B,f,15,28B,0.094617105,1.845227685,0.349027278,7,0
P_18_1_11_B,f,15,28C,0.115152993,1.731956683,0.482159602,100,0
P_18_1_11_B,f,15,28A,0.292931625,3.323938925,0.33300429,100,0
P_18_1_12B,m,15,27C,0.346834373,3.258693751,0.410227411,7,0
P_18_1_12B,m,15,27A,0.478365405,4.723145221,0.269331287,100,0
P_18_1_12B,m,15,27B,0.786521367,6.057442658,0.269228816,100,0
P_18_1_13B,m,15,28B,0.912709177,4.984327706,0.461433244,7,0
P_18_1_13B,m,15,28C,0.899959643,6.027712383,0.311105459,100,0
P_18_1_13B,m,15,28A,1.18249438,6.079841259,0.401794737,100,0
P_18_1_16_B,m,15,25B,0.49842624,6.558888814,0.145522451,100,0
P_18_1_16_B,m,15,25A,0.741042902,6.733301944,0.205294262,100,0
P_18_1_16_B,m,15,25C,0.604761334,5.478845766,0.253043686,100,0
P_18_1_4_B,f,15,24B,0.269898311,2.382794108,0.597058343,7,0
P_18_1_4_B,f,15,24A,0.31518223,2.646398063,0.56525059,100,0
P_18_1_4_B,f,15,24C,0.27123751,2.247998924,0.674135488,100,0
P_18_1_9_B,f,15,23A,1.032902262,8.253649021,0.190439431,18,0
P_18_1_9_B,f,15,23B,0.907632889,6.479787449,0.27150532,100,0
P_18_1_9_B,f,15,23C,1.035150849,4.564269859,0.62409493,100,0
P_18_2_12,f,16,7A,0.889336539,4.905159077,0.46424751,100,0
P_18_2_12,f,16,7B,0.746200627,4.001345261,0.585373685,100,0
P_18_2_12,f,16,7C,0.7403914,3.753010022,0.660224378,100,0
P_18_2_13,m,16,3C,1.259670231,8.69395305,0.209320578,100,0
P_18_2_13,m,16,3A,1.155135816,8.015672294,0.225809798,100,0
P_18_2_13,m,16,3B,1.213219037,8.589964351,0.2065124,100,0
P_18_2_16,m,16,9A,0.5602375,3.986950965,0.442669934,100,0
P_18_2_16,m,16,9B,0.435266733,3.447770229,0.459905374,100,0
P_18_2_16,m,16,9C,0.495508054,4.307930315,0.335353635,100,0
P_18_2_2,f,16,4B,0.743535802,5.036725634,0.368124681,100,0
P_18_2_2,f,16,4C,0.760755364,4.554247663,0.460682139,100,0
P_18_2_2,f,16,4A,0.688149076,4.537162844,0.419858971,100,0
P_18_2_3,f,16,13C,0.603304503,3.966637519,0.481594119,7,0
P_18_2_3,f,16,13A,0.503692549,3.589762561,0.490934687,100,0
P_18_2_3,f,16,13B,0.630378034,3.70666577,0.57626714,100,0
P_18_2_4,m,16,10A,0.540135947,4.046613305,0.414294636,100,0
P_18_2_4,m,16,10B,0.029181864,0.856258828,0.499910832,100,0
P_18_2_4,m,16,10C,0.166793582,2.553507769,0.321288076,100,0
P_18_2_6,f,16,12B,1.142960871,9.029124908,0.176087967,100,19
P_18_2_6,f,16,12C,0.962969848,9.257550279,0.141127019,100,0
P_18_2_6,f,16,12A,0.902665186,8.590233403,0.153640745,100,0
P_18_2_9,m,16,11A,0.844686025,5.215040022,0.390094347,100,0
P_18_2_9,m,16,11C,0.842926064,6.848456313,0.225732319,100,0
P_18_2_9,m,16,11B,0.738165434,5.323266294,0.32718016,100,0
P_2_1_1 B,m,17,22C,0.496141459,3.619021995,0.475787155,7,20
P_2_1_1 B,m,17,22B,0.457965246,3.568305643,0.451749903,9,21
P_2_1_1 B,m,17,22A,0.587365323,4.425506155,0.376679551,9,20
P_2_1_10B,m,17,17C,0.941452182,4.506692675,0.582199756,100,0
P_2_1_10B,m,17,17A,0.809152015,4.447702966,0.51374571,100,0
P_2_1_10B,m,17,17B,0.729899501,4.146633484,0.533164722,100,0
P_2_1_2B,f,17,21A,0.672870448,3.707943768,0.614688114,100,0
P_2_1_2B,f,17,21B,0.618053786,3.814152149,0.533604992,100,0
P_2_1_2B,f,17,21C,0.525925057,3.162036726,0.66066254,100,0
P_2_1_3_B,m,17,9A,0.458114549,7.345059528,0.106653002,100,0
P_2_1_3_B,m,17,9B,0.303129442,3.85323199,0.256429181,100,0
P_2_1_3_B,m,17,9C,0.527354742,6.418241743,0.160790488,100,0
P_2_1_4_B,f,17,15B,0.63818701,3.30187664,0.735217629,100,0
P_2_1_4_B,f,17,15C,0.641847185,3.660388781,0.601681764,100,0
P_2_1_4_B,f,17,15A,0.015242434,0.467545571,0.875782118,100,0
P_2_1_6B,f,17,4C,0.678788258,3.687832111,0.626876049,100,0
P_2_1_6B,f,17,4B,0.679091388,3.777426515,0.597758573,100,0
P_2_1_6B,f,17,4A,0.610271956,3.834062017,0.521428525,100,0
P_2_1_7_B,m,17,10A,0.184139825,3.449519069,0.194365986,100,0
P_2_1_7_B,m,17,10B,0.563010909,3.555996502,0.559221421,100,0
P_2_1_7_B,m,17,10C,1.381098456,7.559561445,0.303543597,100,0
P_2_1_9 B,f,17,1B,0.404519454,3.946122284,0.326278136,100,0
P_2_1_9 B,f,17,1C,0.78201062,4.092688505,0.586387774,100,0
P_2_1_9B,f,17,1A,0.889250577,4.275644044,0.610957093,100,0
P_2_13_13,m,18,2C,0.710820444,4.814892043,0.385102592,7,0
P_2_13_13,m,18,2B,0.606308651,5.046142463,0.299064174,7,0
P_2_13_13,m,18,2A,0.625138871,4.925203471,0.323681434,100,0
P_2_13_14,m,18,1C,0.78360318,4.31088989,0.529604869,100,0
P_2_13_14,m,18,1B,0.815599171,4.356426986,0.539766014,100,0
P_2_13_14,m,18,1A,0.76304467,4.400686083,0.494878769,100,0
P_2_13_4,m,18,17A,0.486735397,3.384946526,0.533554695,7,0
P_2_13_4,m,18,17B,0.630486617,3.975852559,0.500962216,100,0
P_2_13_4,m,18,17C,0.221664535,2.248806081,0.550531078,100,0
P_2_13_5,f,18,16B,0.717416903,4.616802314,0.422745201,100,0
P_2_13_5,f,18,16A,0.670169428,4.247864398,0.46647993,100,0
P_2_13_5,f,18,16C,0.646742499,4.921773054,0.335334218,100,0
P_2_13_6,m,18,11A,0.778259958,5.380238111,0.33768466,100,0
P_2_13_6,m,18,11B,0.873433554,5.153090738,0.413127335,100,0
P_2_13_6,m,18,11C,0.629034311,6.198627833,0.205623549,100,0
P_2_13_7,f,18,9C,0.72066084,4.558754288,0.435540147,100,0
P_2_13_7,f,18,9A,0.454386509,4.457187059,0.287272032,100,0
P_2_13_7,f,18,9B,0.553727004,3.759601803,0.492041399,100,0
P_2_13_8,f,18,4B,0.491151134,4.977870451,0.248953141,100,0
P_2_13_8,f,18,4C,0.539855439,5.083473465,0.262389226,100,0
P_2_13_8,f,18,4A,0.598300605,5.090939665,0.289943369,100,0
P_2_19_11,m,19,11C,0.6861629,6.415954799,0.209360275,100,0
P_2_19_11,m,19,11A,0.731279419,6.62110715,0.209513378,100,0
P_2_19_11,m,19,11B,0.636205358,6.765857268,0.174558619,100,0
P_2_19_12,m,19,31A,0.391145564,3.631532925,0.372518698,100,0
P_2_19_12,m,19,31B,0.114352189,1.96973162,0.370186015,100,0
P_2_19_12,m,19,31C,0.190731759,2.205488666,0.492496325,100,0
P_2_19_15,f,19,30B,0.53572021,4.381852425,0.350438793,100,0
P_2_19_15,f,19,21A,0.628866911,3.574561108,0.618162893,100,0
P_2_19_15,f,19,21B,0.695935431,4.231788525,0.488102097,100,0
P_2_19_15,f,19,21C,0.751204524,4.028990381,0.581239838,100,0
P_2_19_15,f,19,30A,0.444518967,4.260846169,0.307530522,100,0
P_2_19_15,f,19,30C,0.599544793,4.357099617,0.396658072,100,0
P_2_19_16,m,19,15A,1.008507129,5.034505953,0.499752407,100,0
P_2_19_16,m,19,15B,0.447952926,3.060671285,0.600604579,100,0
P_2_19_16,m,19,15C,0.777536067,5.317750723,0.345345843,100,0
P_2_19_2,m,19,18A,0.707929403,6.733907311,0.196085429,100,0
P_2_19_2,m,19,18B,0.846631482,6.246451873,0.272531845,100,0
P_2_19_2,m,19,18C,0.569715951,4.572879532,0.342190933,100,0
P_2_19_3,f,19,19B,0.4611006,5.777830093,0.173482549,100,0
P_2_19_3,f,19,19A,0.969729182,5.364834869,0.423182195,100,0
P_2_19_3,f,19,19C,0.483111417,6.157059259,0.16006275,100,0
P_2_19_4,f,19,17B,0.744137537,4.156117576,0.541087126,7,0
P_2_19_4,f,19,17A,0.837311383,4.667316876,0.482771985,100,0
P_2_19_4,f,19,17C,0.911777167,4.713930181,0.515361605,100,0
P_2_19_5,f,19,2A,1.240152314,6.92036053,0.325242452,100,0
P_2_19_5,f,19,2B,0.905732675,5.468083675,0.380469083,100,0
P_2_19_5,f,19,2C,0.84964468,5.420192372,0.363243273,100,0
P_2_19_6,f,19,2A,0.473899901,3.560570391,0.469501631,100,0
P_2_19_6,f,19,2B,0.312535503,3.157664626,0.393692367,100,0
P_2_19_6,f,19,2C,0.383146566,3.332145019,0.433417845,100,0
P_2_19_8,m,19,16A,1.149896654,5.704446089,0.443834941,100,0
P_2_19_8,m,19,16B,1.201478427,6.051187193,0.412120711,100,0
P_2_19_8,m,19,16C,0.982926623,5.997309477,0.34323994,100,0
P_2_2_1,m,20,2B,0.424096186,3.182081119,0.526055437,100,0
P_2_2_1,m,20,2C,0.278277352,2.479921975,0.568318073,100,0
P_2_2_1,m,20,2A,0.524047465,4.325956817,0.35171906,100,0
P_2_2_10,f,20,7C,0.624858363,3.52633349,0.631138194,100,0
P_2_2_10,f,20,7A,0.473316264,3.016075873,0.653516478,100,0
P_2_2_10,f,20,7B,0.754520851,3.956211744,0.605482827,100,0
P_2_2_13,f,20,14A,0.537222284,3.578798682,0.52682833,100,0
P_2_2_13,f,20,14B,0.80353281,4.043182888,0.617371363,100,0
P_2_2_13,f,20,14C,0.752711123,3.981233605,0.596461822,100,0
P_2_2_14,m,20,6A,0.750218223,3.711037869,0.684205366,100,0
P_2_2_14,m,20,6C,0.663324132,3.662070357,0.621243802,100,0
P_2_2_14,m,20,6B,0.603775032,3.729938791,0.545081421,100,0
P_2_2_2,m,20,3A,0.701513918,5.207910137,0.32486204,100,0
P_2_2_2,m,20,3B,0.790606828,6.269388579,0.252638668,100,0
P_2_2_2,m,20,3C,0.970131846,7.482747024,0.217619734,100,0
P_2_2_3,f,20,14A,0.721353061,4.447635703,0.458014369,100,0
P_2_2_3,f,20,14B,0.731469441,4.363691397,0.48247828,100,0
P_2_2_3,f,20,14C,0.59377176,3.406134392,0.642814433,100,0
P_2_2_4,m,20,8C,0.634282522,4.099549337,0.474023802,100,0
P_2_2_4,m,20,8A,0.500100239,5.059527813,0.245372974,100,0
P_2_2_4,m,20,8B,0.42177521,3.872671016,0.353223411,100,0
P_2_2_5,f,20,11C,0.878193139,4.821147508,0.474546572,100,0
P_2_2_5,f,20,11A,0.852630731,5.064639806,0.417497129,100,0
P_2_2_5,f,20,11B,0.429950657,4.416492904,0.276855517,100,0
P_2_2_6,m,20,26A,0.670083466,5.794242282,0.250683206,100,0
P_2_2_6,m,20,26B,0.629975369,5.506625412,0.26094089,100,0
P_2_2_6,m,20,26C,0.605245436,4.465729468,0.381185474,100,0
P_2_2_9,f,20,16C,0.765089663,5.632407345,0.302910175,100,0
P_2_2_9,f,20,16A,0.689130854,4.757583911,0.382400473,100,0
P_2_2_9,f,20,16B,0.790968773,7.451267909,0.178932249,100,0
P_2_4_1,m,21,27A,0.646769645,4.598910338,0.384086801,100,0
P_2_4_1,m,21,27B,0.580547173,3.891235623,0.481561874,100,0
P_2_4_1,m,21,27C,0.680679424,3.802851954,0.591171413,100,0
P_2_4_10,f,21,17B,0.830968287,5.928095783,0.296991257,100,0
P_2_4_10,f,21,17C,0.745779865,3.993004641,0.58749025,100,0
P_2_4_10,f,21,17A,0.768808654,5.250151342,0.350319456,100,0
P_2_4_11,m,21,7C,0.655162259,3.744131298,0.586997662,100,0
P_2_4_11,m,21,7A,0.597314303,4.103383332,0.445562235,100,0
P_2_4_11,m,21,7B,0.729718529,4.541198628,0.444430665,100,0
P_2_4_2,f,21,23A,0.538421229,4.645523643,0.313359211,19,0
P_2_4_2,f,21,23B,0.415011352,3.273693415,0.486377645,19,0
P_2_4_2,f,21,23C,0.543560857,3.457859689,0.570982872,100,0
P_2_4_2,f,21,24C,0.617035814,3.239052936,0.738692892,100,0
P_2_4_2,f,21,24B,0.58160134,3.328176498,0.659481077,100,0
P_2_4_2,f,21,24A,0.742314236,4.056097397,0.566709742,100,0
P_2_4_3,x,21,28B,0.340133855,3.383735791,0.373118352,7,0
P_2_4_3,x,21,28A,0.372102701,3.574493845,0.365782863,7,0
P_2_4_4,f,21,21A,0.598192021,2.153965158,1.619395423,100,0
P_2_4_4,f,21,21B,0.552170638,3.976928768,0.438497704,100,0
P_2_4_4,f,21,21C,0.447183792,3.118853837,0.577411792,100,0
P_2_4_5,f,21,25B,0.167196247,2.375798749,0.372046193,100,0
P_2_4_5,f,21,25A,0.264455554,3.071836954,0.352002713,100,0
P_2_4_5,f,21,25C,0.228315286,2.925943364,0.334959884,100,0
P_2_4_6,m,21,22A,0.689135378,4.947467546,0.353613044,100,0
P_2_4_6,m,21,22B,0.816820738,5.093092083,0.395506238,100,0
P_2_4_6,m,21,22C,0.77458621,5.051927087,0.381193295,100,0
P_2_4_7,m,21,30B,0.609330897,4.141925069,0.446106308,7,0
P_2_4_7,m,21,30A,0.616786976,3.720656488,0.55961028,100,0
P_2_4_7,m,21,30C,0.613963801,4.504943835,0.379973793,100,0
P_2_4_9,f,21,20C,0.53914512,3.830497074,0.461514179,100,0
P_2_4_9,f,21,20B,0.518378492,4.03356427,0.400183014,100,0
P_2_4_9,f,21,20A,0.559079275,4.235487994,0.391431816,100,0
P_2_6_1,m,22,18C,1.202053015,10.75852559,0.130439086,100,0
P_2_6_1,m,22,18B,1.051470072,9.877850272,0.135351065,100,0
P_2_6_1,m,22,18A,1.175015679,8.35958835,0.211185218,100,0
P_2_6_10,m,22,29A,0.665233395,4.163987355,0.481886632,100,0
P_2_6_10,m,22,29B,0.25939284,2.632003767,0.470299602,100,0
P_2_6_10,m,22,29C,0.392910049,3.088249142,0.517437758,100,0
P_2_6_13,f,22,26C,0.909410947,5.355619829,0.398226664,7,0
P_2_6_13,f,22,26A,0.888825291,5.531176431,0.364897611,100,0
P_2_6_13,f,22,26B,0.828470862,5.924463577,0.296461847,100,0
P_2_6_14,f,22,30A,0.297835987,4.188874689,0.213192575,100,0
P_2_6_14,f,22,30B,0.212525409,2.054953925,0.632115329,100,0
P_2_6_14,f,22,30C,0.260940158,3.100221968,0.340992621,100,0
P_2_6_15,m,22,19A,1.067676186,15.87314186,0.053223496,100,0
P_2_6_15,m,22,19B,0.228935118,3.537970001,0.229717332,100,0
P_2_6_15,m,22,19C,0.132603296,2.08206094,0.384199755,100,0
P_2_6_16,m,22,24A,0.623048635,3.535414004,0.626081733,100,0
P_2_6_16,m,22,24B,0.446414657,3.442254658,0.473197119,100,0
P_2_6_16,m,22,24C,1.083371052,5.3001278,0.484388901,100,0
P_2_6_2,m,22,27A,0.745567222,4.958229636,0.3809107,100,0
P_2_6_2,m,22,27B,0.857023846,4.279612565,0.587724286,100,0
P_2_6_2,m,22,27C,0.592188248,3.574224793,0.582218094,100,0
P_2_6_4,f,22,28B,0.025607651,1.415954799,0.160420774,7,0
P_2_6_4,f,22,28A,0.740495459,5.138158337,0.352287369,100,0
P_2_6_4,f,22,28C,0.080596237,1.449250017,0.481967525,100,0
P_2_6_5,f,22,28B,0.695130102,4.858343983,0.369895641,100,0
P_2_6_5,f,22,28A,0.89741245,5.452949485,0.379069446,100,0
P_2_6_5,f,22,28C,0.938963806,5.358377615,0.410744597,100,0
P_2_6_7,m,22,29B,1.038322398,5.743189615,0.395380778,100,0
P_2_6_7,m,22,29A,1.179494756,5.827402973,0.436250112,100,0
P_2_6_7,m,22,29C,1.118556689,5.272549943,0.505366249,100,0
P_2_6_8,m,22,29C,0.852897666,4.135467815,0.626379124,100,0
P_2_6_8,m,22,29A,0.949396888,4.925068945,0.491601064,100,0
P_2_6_8,m,22,29B,0.861303852,4.517522029,0.530084946,100,0
P_2_6_9,m,22,7C,0.739916346,3.790677339,0.646753255,100,0
P_2_6_9,m,22,7A,0.466742427,3.640747965,0.442268174,100,0
P_2_6_9,m,22,7B,0.44599842,3.354745409,0.497741469,100,0
P_20_16_1,f,23,12C,0.988686083,6.240734513,0.318842823,100,0
P_20_16_1,f,23,6A,0.791891734,4.226542006,0.556781851,100,0
P_20_16_1,f,23,6B,0.760836802,3.881347952,0.634331086,100,0
P_20_16_1,f,23,6C,0.801614498,3.85585525,0.677195025,100,0
P_20_16_1,f,23,12A,0.928381421,4.053406874,0.709701431,100,0
P_20_16_1,f,23,12B,0.927078417,5.527813278,0.38106528,100,0
P_20_16_13,m,23,2A,0.817797991,4.159144414,0.593782889,7,0
P_20_16_13,m,23,2C,0.985315464,4.983587812,0.498288321,100,0
P_20_16_13,m,23,2B,0.91824242,4.569919957,0.552242472,100,0
P_20_16_14,m,23,15A,0.687370893,3.543620098,0.687521787,100,0
P_20_16_14,m,23,15C,0.598743988,4.469227147,0.37650084,100,0
P_20_16_14,m,23,15B,0.697772305,3.627295352,0.666097078,100,0
P_20_16_17,m,23,11A,1.187891893,6.944777023,0.309349875,100,0
P_20_16_17,m,23,11C,0.809215356,7.62373041,0.174871363,100,0
P_20_16_17,m,23,11B,0.909736698,5.77534136,0.342570559,100,0
P_20_16_2,f,23,10A,0.1335715,1.72597027,0.563166512,100,0
P_20_16_2,f,23,10B,0.072040748,1.793233336,0.28138066,100,0
P_20_16_2,f,23,10C,0.03300039,1.287953185,0.249866803,100,0
P_20_16_3,f,23,4B,0.653243947,6.088450932,0.221335672,100,0
P_20_16_3,f,23,4C,0.515948932,7.047487724,0.130475119,100,0
P_20_16_3,f,23,4A,0.552111822,6.379498218,0.17038982,100,0
P_20_22_1,f,24,24A,0.392747173,3.588080985,0.383158296,100,0
P_20_22_1,f,24,24B,0.60784692,3.971682249,0.483988306,100,0
P_20_22_1,f,24,24C,0.64101471,3.345933948,0.71915567,100,0
P_20_22_10,f,24,22B,0.992282917,5.100020179,0.479160893,100,0
P_20_22_10,f,24,22A,0.940655901,5.998183897,0.328383155,100,0
P_20_22_10,f,24,22C,0.975203609,5.717965965,0.374629357,100,0
P_20_22_11,m,24,7A,0.961585406,4.857335037,0.511895583,100,0
P_20_22_11,m,24,7C,0.878604852,4.278670882,0.602789215,100,0
P_20_22_11,m,24,7B,0.805758775,4.018228291,0.626794922,100,0
P_20_22_13,m,24,23C,0.526282479,3.829151813,0.450820214,7,0
P_20_22_13,m,24,23A,0.764872495,6.851752203,0.204632866,16,0
P_20_22_13,m,24,23B,0.740011357,4.147911482,0.540218017,17,0
P_20_22_3,m,24,20A,0.667178853,4.524651914,0.409318679,100,0
P_20_22_3,m,24,20B,0.598078913,3.495796058,0.614689724,100,0
P_20_22_3,m,24,20C,0.588699998,3.437411717,0.625778398,100,0
P_20_22_4,f,24,25C,0.243711547,2.888074258,0.366985609,7,0
P_20_22_4,f,24,25A,0.776798603,5.219412121,0.358141704,100,0
P_20_22_4,f,24,25B,0.599454306,4.37384812,0.393566684,100,0
P_20_22_7,f,24,16A,0.591301482,4.863792292,0.313941383,100,0
P_20_22_7,f,24,16B,0.88128325,5.445550548,0.373268694,100,0
P_20_22_7,f,24,16C,0.734220227,4.009618618,0.573600937,100,0
P_20_22_8,m,24,21A,0.79488231,3.773525257,0.701129029,100,0
P_20_22_8,m,24,21B,0.866248934,4.092553979,0.649596267,100,0
P_20_22_8,m,24,21C,0.890540008,4.037196475,0.686251495,100,0
P_20_22_9,f,24,26A,0.70649067,3.911414542,0.580000513,100,0
P_20_22_9,f,24,26B,0.706069908,3.961121948,0.56519839,100,0
P_20_22_9,f,24,26C,0.923635409,4.952714065,0.472937447,100,0
P_21_15_10,m,25,22B,1.051243856,5.857469563,0.38483364,100,0
P_21_15_10,m,25,22A,0.993251122,6.195937311,0.324963567,100,0
P_21_15_10,m,25,22C,0.951636426,6.874823434,0.252893461,100,0
P_21_15_11,m,25,23B,0.508117334,3.190825318,0.62682685,100,0
P_21_15_11,m,25,23A,0.697039365,4.082666308,0.525241672,100,0
P_21_15_11,m,25,23C,0.529879313,4.438420663,0.337838921,100,0
P_21_15_12,f,25,30B,0.517383141,5.82403982,0.191581355,7,0
P_21_15_12,f,25,30A,0.576470761,5.172798816,0.270592496,100,0
P_21_15_12,f,25,30C,0.701192691,6.087643775,0.237644932,100,0
P_21_15_13,f,25,20A,0.553365058,3.988968857,0.436797436,7,0
P_21_15_13,f,25,20B,0.156478133,2.36375866,0.351752366,100,0
P_21_15_13,f,25,20C,0.723379956,5.209726239,0.334754409,100,0
P_21_15_14,m,25,21B,0.685769284,5.260173539,0.311291688,100,0
P_21_15_14,m,25,21C,0.543764451,3.356763301,0.606120558,100,0
P_21_15_14,m,25,21A,0.553781296,3.699939463,0.508087705,100,0
P_21_15_15,m,25,17A,0.871479048,5.194322997,0.405684753,100,0
P_21_15_15,m,25,17C,0.615945453,4.427187731,0.39470808,100,0
P_21_15_15,m,25,17B,0.704608553,4.603349701,0.417628005,100,0
P_21_15_20,m,25,31A,1.020935436,7.486446492,0.228789699,100,0
P_21_15_20,m,25,31C,1.000091893,6.949821753,0.260065183,100,0
P_21_15_20,m,25,31B,0.636784471,4.943229972,0.327310903,100,0
P_21_15_21,m,25,5A,0.997463264,5.288625816,0.447920426,7,0
P_21_15_21,m,25,5B,0.966173066,5.800766799,0.360639883,100,0
P_21_15_21,m,25,5C,0.97782319,5.359386561,0.427582386,100,0
P_21_15_22,m,25,30A,0.734174984,3.61693684,0.704867313,100,0
P_21_15_22,m,25,30C,0.315385825,3.729535212,0.284788459,100,0
P_21_15_22,m,25,30B,0.363967973,3.201789198,0.445930667,100,0
P_21_15_3,m,25,29A,0.749186678,4.178448914,0.53895126,100,0
P_21_15_3,m,25,29B,0.204838589,3.273827941,0.240043369,100,0
P_21_15_3,m,25,29C,0.386585049,2.891773727,0.580638833,100,0
P_21_15_4,m,25,3A,0.873610003,7.075738212,0.219161228,100,0
P_21_15_4,m,25,3B,0.757353075,5.896347616,0.273603642,100,0
P_21_15_5,m,25,29B,0.932285909,4.872671016,0.493179003,100,0
P_21_15_5,m,25,29A,0.788991645,5.005717361,0.395484435,100,0
P_21_15_5,m,25,29C,0.769310853,3.927221363,0.62649951,100,0
P_21_15_5,m,25,8A,0.64254393,5.559695971,0.261090085,100,0
P_21_15_5,m,25,8B,0.757448086,4.831371494,0.407569472,100,0
P_21_15_5,m,25,8C,0.993581397,5.625479249,0.39434291,100,0
P_21_15_6,f,25,29B,0.696754333,3.966032152,0.556361227,7,0
P_21_15_6,f,25,29A,0.42713653,2.931929777,0.624092876,7,0
P_21_15_6,f,25,29C,0.520627079,3.41420596,0.560966543,100,0
P_21_15_6,f,25,30A,0.700799075,6.055088451,0.240072368,100,0
P_21_15_6,f,25,30B,0.653850206,5.620838098,0.259935593,100,0
P_21_15_6,f,25,30C,0.603087335,6.07197148,0.205452014,100,0
P_21_15_8,f,25,29B,0.602901838,4.688504742,0.344482789,100,0
P_21_15_8,f,25,29A,0.645050404,4.498890159,0.400287945,100,0
P_21_15_8,f,25,29C,0.672123935,4.038945315,0.517491302,100,0
P_21_5_1,m,26,29A,0.520523019,3.453218538,0.54825355,100,0
P_21_5_1,m,26,29B,0.407256667,3.171049976,0.508688207,100,0
P_21_5_1,m,26,29C,0.225066824,2.082868097,0.651594764,100,0
P_21_5_11,f,26,27C,0.655117016,4.984327706,0.331203824,100,0
P_21_5_11,f,26,27A,0.742137787,6.156924733,0.245893187,100,0
P_21_5_11,f,26,27B,0.805319916,5.977332347,0.283102218,100,0
P_21_5_12,f,26,23A,0.803419702,5.172260712,0.377199668,100,0
P_21_5_12,f,26,23B,0.768360746,4.219815699,0.541960758,100,0
P_21_5_12,f,26,23C,0.79418104,3.917333692,0.650021945,100,0
P_21_5_3,m,26,26B,0.39945674,3.007331674,0.554749265,100,0
P_21_5_3,m,26,26C,0.303278744,2.86419587,0.464329402,100,0
P_21_5_3,m,26,26A,0.443320022,3.217999596,0.537693783,100,0
P_21_5_4,f,26,16A,0.729664237,4.567296697,0.439333429,100,0
P_21_5_4,f,26,16B,0.823919396,5.509046882,0.34097413,100,0
P_21_5_4,f,26,16C,0.6633739,5.481199973,0.27732992,100,0
P_21_5_5,m,26,25C,0.580818632,3.355283514,0.647995117,100,0
P_21_5_5,m,26,25A,0.663876099,3.701688303,0.608522975,100,0
P_21_5_5,m,26,25B,0.616189766,3.386964418,0.674656723,100,0
P_21_5_7,m,26,30A,0.316810986,4.213896549,0.224089823,100,0
P_21_5_7,m,26,30B,0.454920379,4.068608327,0.345170176,100,0
P_21_5_7,m,26,30C,0.46689173,3.943566288,0.377074818,100,0
P_22_1_10,f,27,13C,0.493974309,3.549673774,0.49239895,100,0
P_22_1_10,f,27,13B,0.440714014,3.410237439,0.475967462,100,0
P_22_1_10,f,27,13A,0.588980506,3.873209121,0.493115516,100,0
P_22_1_11,m,27,25B,0.487871002,4.954395641,0.249639483,13,21
P_22_1_11,m,27,25A,0.465385131,5.337257012,0.205194592,12,18
P_22_1_11,m,27,25C,0.428855771,5.428331203,0.182796646,100,0
P_22_1_16,f,27,26A,0.640928748,5.317952512,0.284649537,100,0
P_22_1_16,f,27,26B,0.738984336,4.73343647,0.414258823,100,0
P_22_1_16,f,27,26C,0.692067137,4.941481133,0.355978348,100,0
P_22_1_2,f,27,20C,0.53199217,5.63799018,0.210206553,100,0
P_22_1_2,f,27,20A,0.377581652,4.092688505,0.283128207,100,0
P_22_1_2,f,27,20B,0.533937628,7.021860496,0.136011545,100,0
P_22_1_2,f,27,14A,0.78859803,4.276922042,0.541480297,100,0
P_22_1_2,f,27,14B,0.824444217,4.494719849,0.51256112,100,0
P_22_1_2,f,27,14C,0.771640878,3.885585525,0.641936279,100,0
P_22_1_3,m,27,14C,0.946442507,4.580009417,0.566697288,100,0
P_22_1_3,m,27,14B,0.774341897,3.739288357,0.695575831,100,0
P_22_1_3,m,27,14A,0.845559219,4.19021995,0.60486719,100,0
P_22_1_5,f,27,17B,0.808871508,4.376538643,0.53040504,100,0
P_22_1_5,f,27,17A,0.960142148,5.070558956,0.469043909,100,0
P_22_1_5,f,27,17C,0.324117763,2.821483823,0.511372468,100,0
P_22_1_5,f,27,15B,0.443917233,3.350440573,0.496692732,100,0
P_22_1_5,f,27,15A,0.487477386,3.953790274,0.391666886,100,0
P_22_1_5,f,27,15C,0.56054063,4.292325284,0.382130307,100,0
P_22_1_8,f,27,23B,0.5040183,3.987892648,0.398060447,7,20
P_22_1_8,f,27,23A,0.318249719,3.905495392,0.26206282,7,20
P_22_1_8,f,27,23C,0.821521506,4.539517051,0.500713468,13,20
P_22_1_8,f,27,22B,0.63872088,4.436335508,0.407616717,14,20
P_22_1_8,f,27,22A,0.764990128,5.400147979,0.329483862,100,0
P_22_1_8,f,27,22C,0.626631897,4.683998117,0.358730839,100,0
P_22_1_9,m,27,16B,1.093084767,7.675186655,0.233058845,7,0
P_22_1_9,m,27,16A,0.56709637,4.170175557,0.40957914,15,21
P_22_1_9,m,27,16C,0.725180636,5.772381785,0.273354195,100,0
P_22_10_1,m,28,7A,0.562192007,3.791080917,0.491301622,100,0
P_22_10_1,m,28,7C,0.647167785,3.504203942,0.661953957,100,0
P_22_10_1,m,28,7B,0,0,#DIV/0!,100,0
P_22_10_10,m,28,23A,0.418164803,3.521019708,0.423643164,7,0
P_22_10_10,m,28,23B,0.470538332,3.162978409,0.590734307,100,0
P_22_10_10,m,28,23C,0.880419104,4.825116029,0.474967151,100,0
P_22_10_10,m,28,29A,0.168834051,2.583305307,0.317759254,100,0
P_22_10_10,m,28,29B,0.184877289,2.427927625,0.393914286,100,0
P_22_10_10,m,28,29C,0.653981411,4.275509518,0.449344353,100,0
P_22_10_16,f,28,25C,0.586713821,5.090737876,0.284350821,100,0
P_22_10_16,f,28,25A,0.735324161,6.50043721,0.21856637,100,0
P_22_10_16,f,28,25B,0.610556988,5.049438353,0.300766663,100,0
P_22_10_2,f,28,19A,0.738749071,4.896280352,0.387038381,100,0
P_22_10_2,f,28,19B,0.673191674,4.743458667,0.37578387,100,0
P_22_10_2,f,28,14A,0.583777538,3.668191296,0.544920401,100,0
P_22_10_2,f,28,14B,0.7114448,3.752539181,0.634571229,100,0
P_22_10_2,f,28,14C,0.771622781,4.529293065,0.472426049,100,0
P_22_10_2,f,28,19C,0.68542996,5.22465864,0.315381985,100,0
P_22_10_6,f,28,27A,0.863516245,7.317548934,0.20254843,100,0
P_22_10_6,f,28,27B,0.434664998,4.789668393,0.23797614,100,0
P_22_10_6,f,28,27C,0.483283341,4.264747427,0.333737365,100,0
P_22_10_8,f,28,18A,0.848997702,5.812134257,0.315663872,100,0
P_22_10_8,f,28,18C,0.65279604,5.881818793,0.236997557,100,0
P_22_10_8,f,28,18B,0.745883924,6.977197821,0.192441536,100,0
P_22_10_9,m,28,26B,0.785372189,4.910607385,0.40906727,100,0
P_22_10_9,m,28,26A,0.711019514,4.354409094,0.470991102,100,0
P_22_10_9,m,28,26C,0.755430239,4.931593462,0.390130108,100,0
P_22_11_1,m,29,28A,0,0,#DIV/0!,100,0
P_22_11_1,m,29,28B,0.032701785,0.71762965,0.797554469,100,0
P_22_11_1,m,29,28C,0.043492288,0.804600794,0.843802845,100,0
P_22_11_11,f,29,15A,0.841509952,4.327974709,0.564260264,7,0
P_22_11_11,f,29,15C,0.911695729,5.341292796,0.401371738,100,0
P_22_11_11,f,29,15B,1.160994811,5.358848456,0.507781608,100,0
P_22_11_12,f,29,24C,0.547175789,3.521221497,0.554280784,100,0
P_22_11_12,f,29,24A,0.664088742,4.929979148,0.343182863,100,0
P_22_11_12,f,29,24B,0.551419601,3.795722069,0.480709859,100,0
P_22_11_2,m,29,18C,0.077994753,1.534808637,0.415859433,100,0
P_22_11_2,m,29,18B,0.23218358,2.544158203,0.450539544,100,0
P_22_11_2,m,29,18A,0.458186938,6.177574494,0.150798271,100,0
P_22_11_4,f,29,17A,0.702522841,3.869845968,0.589199989,100,0
P_22_11_4,f,29,17B,0.668975008,3.540660523,0.670240945,100,0
P_22_11_4,f,29,17C,0.546017563,3.01688303,0.753493148,100,0
P_22_11_5,f,29,14C,0.913564273,5.253985337,0.415672251,100,0
P_22_11_5,f,29,14A,0.885404905,4.988834331,0.446820817,100,0
P_22_11_5,f,29,14B,0.905818637,4.798883433,0.494026778,100,0
P_22_11_6,m,29,7B,0.767808779,3.983856864,0.607624477,100,0
P_22_11_6,m,29,7C,0.800361262,4.555458398,0.484408249,100,0
P_22_11_6,m,29,7A,0.497480657,3.33611354,0.561415234,100,0
P_22_12_12,f,30,16A,0.995807362,6.253649021,0.319814364,100,0
P_22_12_12,f,30,16C,0.992183382,6.943431762,0.25848375,100,0
P_22_12_12,f,30,16B,1.033114905,7.383264949,0.238035296,100,0
P_22_12_14,m,30,27B,0.56786098,5.187327638,0.26506007,12,21
P_22_12_14,m,30,27A,0.664183753,5.580412995,0.267883031,100,0
P_22_12_14,m,30,27C,0.765193722,5.029124908,0.379993522,100,0
P_22_12_2,m,30,7B,1.015913441,6.215376337,0.330302215,100,0
P_22_12_2,m,30,7C,0.93620397,5.716889756,0.359782871,100,0
P_22_12_2,m,30,7A,0.989894076,7.045066254,0.250500272,100,0
P_22_12_3,m,30,31C,0.415445687,4.168830295,0.300244777,100,0
P_22_12_3,m,30,31A,0.726465543,4.307392211,0.491785616,100,0
P_22_12_3,m,30,31B,0.635970093,3.563126387,0.629164019,100,0
P_22_12_4,f,30,18A,0.622759079,4.53971884,0.379534967,100,0
P_22_12_4,f,30,18C,0.602291055,4.241877985,0.420416458,100,0
P_22_12_4,f,30,18B,0.667988706,5.48947333,0.278418058,100,0
P_22_12_6,f,30,30C,0.793651695,6.729602475,0.220110503,100,0
P_22_12_6,f,30,30B,0.841075618,6.875496065,0.223468651,100,0
P_22_12_6,f,30,30A,0.856978602,7.450124437,0.193924448,100,0
P_22_12_8,m,30,19B,0.654569573,6.609134324,0.188215894,100,0
P_22_12_8,m,30,19A,1.091686752,13.10560301,0.079831385,100,0
P_22_12_8,m,30,19C,0.409622887,5.169906504,0.192490134,100,0
P_22_6_1,f,31,1C,0.730284069,5.359991928,0.319266385,10,19
P_22_6_1,f,31,1A,0.908813737,5.12813614,0.434055666,8,19
P_22_6_1,f,31,1B,0.558319189,4.396515773,0.362789678,10,20
P_22_6_13,m,31,4C,0.658446915,3.548732091,0.656695407,100,0
P_22_6_13,m,31,4B,0.902588273,4.916862851,0.46892473,100,0
P_22_6_13,m,31,4A,0.803949047,4.363893186,0.530236891,100,0
P_22_6_2,m,31,5A,0.848445735,4.841057375,0.454708686,7,0
P_22_6_2,m,31,5C,1.021573365,4.869307863,0.54115881,100,0
P_22_6_2,m,31,5B,1.055161917,5.760408959,0.399394531,100,0
P_22_6_21,f,31,10C,0.590935012,3.554920293,0.587313016,100,0
P_22_6_21,f,31,10A,0.264102657,2.952041434,0.380642707,100,0
P_22_6_21,f,31,10B,0.610624853,3.633281765,0.580986388,100,0
P_22_6_3,m,31,22B,0.547478918,3.419654268,0.588020732,100,0
P_22_6_3,m,31,22A,0.838143858,4.649693953,0.486922082,100,0
P_22_6_3,m,31,22C,0.842509827,5.739019304,0.321284107,100,0
P_22_6_4,f,31,3A,1.692457636,6.812874151,0.457980211,100,0
P_22_6_4,f,31,3C,1.067011111,8.630860295,0.179907972,100,0
P_22_6_4,f,31,3B,1.191162977,7.363287819,0.27594166,100,0
P_22_6_5,f,31,6A,0.760271262,3.839241273,0.647839468,7,0
P_22_6_5,f,31,6B,0.556459693,3.361740768,0.618436209,100,0
P_22_6_5,f,31,6C,0.733410374,3.983251497,0.580578878,100,0
P_24_5_14,f,32,25B,0.056621865,1.376336853,0.375425988,7,0
P_24_5_14,f,32,25C,0.249163353,3.160355149,0.313330034,100,0
P_24_5_14,f,32,25A,0.113307071,1.961592789,0.369852824,100,0
P_24_5_15,f,32,17A,0.703907283,4.39052936,0.458639364,100,0
P_24_5_15,f,32,17B,0.495331605,3.728122688,0.447615675,100,0
P_24_5_15,f,32,17C,0.65345659,3.83655075,0.557602211,100,0
P_24_5_16,f,32,14A,0.872795625,6.136745813,0.291089091,10,16
P_24_5_16,f,32,20A,0.678951134,8.699334096,0.112682413,13,21
P_24_5_16,f,32,14B,0.574692703,3.799017959,0.500129681,100,0
P_24_5_16,f,32,14C,0.49350378,3.450595278,0.52058551,100,0
P_24_5_16,f,32,20B,0.517405763,4.248671554,0.360010015,100,0
P_24_5_16,f,32,20C,0.793086155,7.610546849,0.171980133,100,0
P_24_5_17,m,32,21B,0.947397138,5.613573687,0.377609448,15,21
P_24_5_17,m,32,21A,0.88247767,4.706127665,0.500456064,17,21
P_24_5_17,m,32,21C,0.813821114,4.008206094,0.636236389,100,0
P_24_5_18,m,32,24A,0.214253699,2.251294814,0.530949513,100,0
P_24_5_18,m,32,24B,0.358321622,2.609739692,0.66079732,100,0
P_24_5_18,m,32,24C,0.244829054,2.097060604,0.699247031,100,0
P_24_5_6,m,32,23A,0.696292852,4.345866685,0.463050948,7,20
P_24_5_6,m,32,23B,0.316471662,2.55155714,0.610539645,19,0
P_24_5_6,m,32,23C,0.07116303,1.471850407,0.412588125,100,0
P_24_5_8,f,32,15A,0.935756063,4.987690859,0.47244715,100,0
P_24_5_8,f,32,15B,0.950220314,4.784085559,0.521454085,100,0
P_24_5_8,f,32,15C,0.828900672,5.004237573,0.415734717,100,0
P_24_6_1,x,33,1B,0.465543482,3.925539786,0.379447,7,21
P_24_6_1,x,33,1A,0.759262338,5.123831304,0.363238482,7,0
P_24_6_13,m,33,30B,0.821729625,8.601937176,0.139484533,7,0
P_24_6_13,m,33,30C,0.950776805,8.989977803,0.147757991,100,0
P_24_6_13,m,33,30A,0.928919815,8.874890698,0.148129597,100,0
P_24_6_14,m,33,20C,0.829434542,4.744534876,0.462790537,100,0
P_24_6_14,m,33,20A,0.946813501,5.273827941,0.42756502,100,0
P_24_6_14,m,33,20B,0.990835135,5.241608933,0.452962038,100,0
P_24_6_15,f,33,31C,0.569005633,5.980157396,0.199839335,100,0
P_24_6_15,f,33,31A,0.970887408,8.866751867,0.155106286,100,0
P_24_6_15,f,33,31B,0.921508979,8.446290442,0.16223972,100,0
P_24_6_20,f,33,29A,0.663315084,5.336718908,0.292523564,100,0
P_24_6_20,f,33,29B,0.617266554,4.556265555,0.373460203,100,0
P_24_6_20,f,33,29C,0.596332526,4.577789736,0.357409799,100,0
P_24_6_4,m,33,5A,1.070951794,5.449451806,0.452953823,100,0
P_24_6_4,m,33,5B,1.108924412,5.855518935,0.406219535,100,0
P_24_6_4,m,33,5C,0.930924089,5.028788592,0.462356695,100,0
P_24_6_7,f,33,6A,0.961933778,5.950359857,0.341230901,100,0
P_24_6_7,f,33,6B,0.887522287,4.821349297,0.479547592,100,0
P_24_6_7,f,33,6C,0.623442251,3.696912625,0.572937829,100,0
P_4_11_1,m,34,14B,0.910085071,5.458128742,0.383693179,100,0
P_4_11_1,m,34,14A,0.782024193,4.965359521,0.39839,100,0
P_4_11_1,m,34,14C,0.858489725,4.420394162,0.551826748,100,0
P_4_11_10,m,34,24A,0.71244015,4.306383265,0.482517054,100,0
P_4_11_10,m,34,24C,0.593075015,3.690858949,0.546819976,100,0
P_4_11_10,m,34,24B,0.615013443,3.644043856,0.581710708,100,0
P_4_11_15,m,34,30A,0.591260763,5.529225802,0.242907009,7,0
P_4_11_15,m,34,30B,0.591075266,5.898903612,0.213348614,100,0
P_4_11_15,m,34,30C,0.616108328,6.166476088,0.203503843,100,0
P_4_11_19,f,34,25C,0.774531919,5.437344454,0.329044978,100,0
P_4_11_19,f,34,25A,0.814685259,5.329050918,0.360312856,100,0
P_4_11_19,f,34,25B,0.83494064,5.499831842,0.346694073,100,0
P_4_11_2,m,34,20A,0.422091913,5.927557678,0.150884662,100,0
P_4_11_2,m,34,20B,0.412993505,4.946055021,0.212038623,100,0
P_4_11_2,m,34,20C,0.351268207,4.604089594,0.208133003,100,0
P_4_11_26,f,34,23A,0.595287408,4.907244232,0.310485261,11,0
P_4_11_26,f,34,23B,0.392665735,4.029326697,0.303771959,100,0
P_4_11_26,f,34,23C,0.163214845,1.844555055,0.602512487,100,0
P_4_11_28,F,34,28B,0.91581286,6.406672496,0.280240778,100,0
P_4_11_28,F,34,28C,0.635504088,5.942221026,0.226053057,100,0
P_4_11_28,F,34,28A,1.12959603,5.905159077,0.406864309,100,0
P_4_11_28,F,34,17B,1.181675478,6.272617206,0.377216162,100,0
P_4_11_28,F,34,17A,1.090162057,6.29663012,0.345353878,100,0
P_4_11_28,F,34,17C,0.716530136,5.353601937,0.314001662,100,0
P_4_11_6,f,34,22C,0.786865215,5.77621578,0.296212355,100,0
P_4_11_6,f,34,22A,0.73217071,4.993004641,0.368874005,100,0
P_4_11_6,f,34,22B,0.627455323,4.293536019,0.427506012,100,0
P_6_1_10,f,35,14B,0.61686389,4.429003834,0.394972515,100,0
P_6_1_10,f,35,14A,1.069865957,5.723952378,0.410135143,100,0
P_6_1_10,f,35,14C,0.512044443,3.516311293,0.52014289,100,0
P_6_1_11,f,35,31A,0.739767043,8.019102711,0.144488428,100,0
P_6_1_11,f,35,31B,0.494309109,5.245577453,0.225632495,100,0
P_6_1_11,f,35,31C,0.334387969,3.283648349,0.389517523,100,0
P_6_1_13,m,35,22B,0.393362481,3.573619426,0.386870819,100,0
P_6_1_13,m,35,22A,0.267138476,2.673168763,0.469540792,100,0
P_6_1_13,m,35,22C,303.2515985,2.772314522,495.5731157,100,0
P_6_1_17,m,35,31A,0.326049647,3.132037398,0.417464448,100,0
P_6_1_17,m,35,31C,0.221542379,2.391538306,0.486509999,100,0
P_6_1_17,m,35,31B,0.042542181,2.030671958,0.129577575,100,0
P_6_1_19,m,35,17A,0.413038748,3.073249479,0.549268637,7,0
P_6_1_19,m,35,17B,0.296085076,2.626622721,0.539027302,100,0
P_6_1_19,m,35,17C,0.419422564,3.006928096,0.582633355,100,0
P_6_1_4,f,35,7C,0.441754608,2.853164727,0.681580308,100,0
P_6_1_4,f,35,7A,0.189591631,2.306383265,0.44765748,100,0
P_6_1_4,f,35,7B,0.167540095,2.393421672,0.367341469,100,0
P_6_1_5,f,35,31A,0.933873946,9.337593328,0.134526545,100,0
P_6_1_5,f,35,31B,0.863493623,7.872401964,0.17499847,100,0
P_6_1_5,f,35,31C,0.535123,10.40889218,0.062034636,100,0
P_6_1_9,m,35,21A,0.612941304,4.37559696,0.402099843,100,0
P_6_1_9,m,35,21B,0.309780192,3.990986749,0.244277076,100,0
P_6_1_9,m,35,21C,0.362013467,3.610412323,0.348819504,100,0
P_6_18_1,f,36,10A,0.705852741,6.485168494,0.210795442,100,0
P_6_18_1,f,36,10B,0.11038436,2.689042847,0.191735151,100,0
P_6_18_1,f,36,10C,0.243241018,4.24571198,0.169482707,100,0
P_6_18_10,f,36,15A,0.855453907,5.166139773,0.402581626,7,0
P_6_18_10,f,36,15C,0.634662565,5.03598574,0.314313865,100,0
P_6_18_10,f,36,15B,0.636142018,4.017017556,0.495149405,100,0
P_6_18_12,m,36,16B,1.089858927,6.440640344,0.329990798,100,0
P_6_18_12,m,36,16C,1.135011641,6.637922917,0.323538186,100,0
P_6_18_12,m,36,16A,1.136373461,6.720118383,0.316050786,100,0
P_6_18_13,m,36,12A,1.007620362,4.640075335,0.587809379,100,0
P_6_18_13,m,36,12B,0.739649411,7.078899576,0.185389039,100,0
P_6_18_13,m,36,12C,0.625351514,8.380305374,0.111839227,100,0
P_6_18_16,f,36,5B,0.478813313,3.119391942,0.618039119,100,0
P_6_18_16,f,36,5A,0.416888945,2.638191969,0.752310685,100,0
P_6_18_16,f,36,5C,0.43534817,3.14084886,0.554283929,100,0
P_6_18_5,f,36,11C,0.739423195,6.644918275,0.210331065,7,0
P_6_18_5,f,36,11A,0.873130425,8.400349768,0.155408233,100,0
P_6_18_5,f,36,11B,0.870049363,6.966906572,0.225140466,100,0
P_6_18_6,m,36,2A,0.988554877,7.913230645,0.198281764,100,0
P_6_18_6,m,36,2B,0.932901217,6.609874218,0.268187733,100,0
P_6_18_6,m,36,2C,0.955373514,7.903275711,0.19210938,100,0
P_6_18_7,f,36,9A,0.635205483,5.337526064,0.280042445,100,0
P_6_18_7,f,36,9B,0.568951341,4.314589359,0.383871464,100,0
P_6_18_7,f,36,9C,0.661306286,6.887805206,0.175077597,100,0
P_6_2_12,f,37,10A,1.148982741,5.022196812,0.572157623,100,0
P_6_2_12,f,37,10B,0.040470043,1.204210668,0.350524486,100,0
P_6_2_12,f,37,10C,0.138335609,2.001883366,0.433556882,100,0
P_6_2_13,m,37,3C,0.58861856,4.389049573,0.383780248,100,0
P_6_2_13,m,37,3A,0.446916857,4.389385888,0.291345858,100,0
P_6_2_13,m,37,3B,0.485486685,4.938521558,0.250019024,100,0
P_6_2_22,f,37,4B,0.61353399,6.97410372,0.158435122,100,0
P_6_2_22,f,37,4C,0.513718442,6.551826192,0.150310756,100,0
P_6_2_22,f,37,4A,0.51453282,7.12416762,0.127331092,100,0
P_6_2_23,m,37,13B,0.363185266,3.331539652,0.410986813,100,0
P_6_2_23,m,37,13C,0.387634691,2.852761149,0.598248274,100,0
P_6_2_23,m,37,13A,0.562775644,3.856393354,0.475293945,100,0
P_6_2_25,f,37,2C,0.561029256,4.942691868,0.288435077,7,0
P_6_2_25,f,37,2A,0.948722764,6.870182283,0.25245992,100,0
P_6_2_25,f,37,2B,0.640874456,5.411044595,0.274916227,100,0
P_6_2_3,m,37,12A,0.39632591,4.519539921,0.243698946,100,0
P_6_2_3,m,37,12B,0.400031328,4.070020852,0.303312546,100,0
P_6_2_3,m,37,12C,0.591930362,4.204546983,0.420554067,100,0
P_6_2_9,f,37,9C,0.429706343,3.624806619,0.410763381,100,0
P_6_2_9,f,37,9A,0.252592787,3.324880608,0.286984522,100,0
P_6_2_9,f,37,9B,0.262876567,2.627631667,0.478203267,100,0
P_6_3_10,m,38,12A,0.589102662,5.051187193,0.289997129,100,0
P_6_3_10,m,38,12B,0.640915175,9.549875563,0.088266269,100,0
P_6_3_10,m,38,12C,0.845590889,6.403040291,0.259046343,100,0
P_6_3_11,f,38,13B,0.893431049,9.117239524,0.134996948,7,21
P_6_3_11,f,38,13A,1.115968778,7.722136275,0.235053521,100,0
P_6_3_11,f,38,13C,1.12021259,5.923185579,0.401032352,100,0
P_6_3_12,m,38,6A,0.516514472,3.387300733,0.565411479,7,0
P_6_3_12,m,38,6B,0.507094837,3.736126993,0.456284346,100,0
P_6_3_12,m,38,6C,0.494245769,3.117575839,0.638702396,100,0
P_6_3_14,m,38,16A,0.734758621,4.351651308,0.487333372,100,0
P_6_3_14,m,38,16B,0.844360274,5.438487926,0.358559385,100,0
P_6_3_14,m,38,16C,0.751928416,5.969664357,0.26501247,100,0
P_6_3_22,f,38,18C,0.472474741,4.430819937,0.30227347,100,0
P_6_3_22,f,38,18B,0.396303289,4.496334163,0.246206863,100,0
P_6_3_22,f,38,18A,0.559364307,5.121140782,0.267886581,100,0
P_6_3_24,f,38,11A,1.059957696,6.178852492,0.348708487,100,0
P_6_3_24,f,38,11B,0.926372623,5.060738548,0.454305034,100,0
P_6_3_24,f,38,11C,1.039942104,5.549471985,0.424126565,100,0
P_6_3_4,m,38,4C,0.234513604,3.371964754,0.259054791,100,0
P_6_3_4,m,38,4B,0.316643586,2.985807493,0.446104626,100,0
P_6_3_4,m,38,4A,0.493399721,4.341965427,0.328712195,100,0
P_6_3_8,f,38,2A,1.158447619,8.463375261,0.203132234,100,0
P_6_3_8,f,38,2B,1.438765439,7.33456649,0.335916036,100,0
P_6_3_8,f,38,2C,1.321476967,9.782874823,0.173426813,100,0
P_6_5_10,f,39,21B,0.943637428,5.766260846,0.356456246,100,0
P_6_5_10,f,39,21A,1.183747616,5.94053945,0.421305364,100,0
P_6_5_10,f,39,21C,1.181467359,6.672496132,0.333299533,100,0
P_6_5_11,f,39,27A,1.139698837,7.998385686,0.223756191,100,0
P_6_5_11,f,39,27C,1.240111595,6.426313311,0.377160859,100,0
P_6_5_11,f,39,27B,1.029599509,6.627160826,0.294444161,100,0
P_6_5_2,f,39,24A,0.85420067,6.904284657,0.22506718,100,0
P_6_5_2,f,39,24B,0.361162895,5.043317414,0.17834468,100,0
P_6_5_2,f,39,24C,0.891137219,6.678886124,0.250914723,100,0
P_6_5_20,m,39,8B,1.181173278,5.671756239,0.461177529,100,0
P_6_5_20,m,39,8A,1.275559643,6.198896886,0.416928502,100,0
P_6_5_20,m,39,8C,1.354495454,7.066792224,0.340661101,100,0
P_6_5_3,m,39,25A,0.668721646,6.973498352,0.172716415,100,0
P_6_5_3,m,39,25B,0.18893108,4.940404924,0.097222762,100,0
P_6_5_3,m,39,25C,0.721574753,6.047353198,0.247822252,100,0
P_6_5_4,m,39,19B,0.71647132,4.47191767,0.449987915,100,0
P_6_5_4,m,39,19A,0.822435419,5.964619627,0.290352746,100,0
P_6_5_4,m,39,19C,0.75546191,4.8810789,0.398263546,100,0
P_6_5_9,f,39,22B,0.992056701,5.215779915,0.45802335,15,20
P_6_5_9,f,39,22A,0.680150078,3.963072577,0.543914129,100,0
P_6_5_9,f,39,22C,0.743458889,4.031479115,0.574536691,100,0
P_6_6_14,m,40,21B,0.526201041,4.423555526,0.337752347,100,0
P_6_6_14,m,40,21A,0.552727129,3.728459003,0.49939211,100,0
P_6_6_14,m,40,21C,0.648212903,4.50723078,0.400763094,100,0
P_6_6_15,m,40,8B,0.989514033,4.874419856,0.523077126,100,0
P_6_6_15,m,40,8A,0.964906257,5.112934688,0.463590227,100,0
P_6_6_15,m,40,8C,1.020392517,4.974238246,0.517968966,100,0
P_6_6_17,f,40,19A,0.445469074,4.888208785,0.234157302,100,0
P_6_6_17,f,40,19B,0.755864574,6.456850743,0.22771526,100,0
P_6_6_17,f,40,19C,0.379907153,5.164861774,0.178875023,100,0
P_6_6_18,f,40,27A,0.90230324,5.822963611,0.3342366,100,0
P_6_6_18,f,40,27B,0.859430784,5.135938656,0.409223805,100,0
P_6_6_18,f,40,27C,0.879821894,4.395035986,0.572083647,100,0
P_6_6_22,f,40,18A,0.725936197,5.02347481,0.361309711,100,0
P_6_6_22,f,40,18B,0.583935889,5.071635165,0.285140429,100,0
P_6_6_22,f,40,18C,0.512465205,4.177170915,0.368883757,100,0
P_6_6_25,m,40,22A,0.750340379,5.6805677,0.292054887,100,0
P_6_6_25,m,40,22B,0.809179161,5.195130154,0.376566312,100,0
P_6_6_25,m,40,22C,0.81787038,4.894060671,0.428879632,100,0
P_6_8_11,f,41,28A,1.029934308,5.823434452,0.381452778,100,0
P_6_8_11,f,41,28B,0.939719367,5.303289164,0.419659638,100,0
P_6_8_11,f,41,28C,0.932987179,5.276316675,0.420923922,100,0
P_6_8_15,f,41,22B,0.91191742,5.744938454,0.34703589,19,20
P_6_8_15,f,41,22A,0.806767699,4.961861842,0.411574829,100,0
P_6_8_15,f,41,22C,0.913378776,6.071029798,0.311254634,100,0
P_6_8_16,f,41,25B,0.94126216,5.594941817,0.377667045,7,0
P_6_8_16,f,41,25A,0.962064984,6.651644582,0.273108978,100,0
P_6_8_16,f,41,25C,0.964458349,5.511535616,0.39877496,100,0
P_6_8_20,m,41,26B,0.871347843,5.739221094,0.332257879,7,0
P_6_8_20,m,41,26A,0.959341343,5.366785498,0.418344752,100,0
P_6_8_20,m,41,26C,0.823258845,5.096253447,0.398129179,100,0
P_6_8_26,m,41,23A,1.021125457,6.453151275,0.307981799,8,0
P_6_8_26,m,41,23B,1.003792787,5.07634358,0.489250967,100,0
P_6_8_26,m,41,23C,0.417436387,3.776552095,0.36761141,100,0
P_6_8_3,f,41,24A,0.752055097,4.351987624,0.49872828,100,0
P_6_8_3,f,41,24B,0.717692886,4.082666308,0.540804767,100,0
P_6_8_3,f,41,24C,0.736934819,3.776013991,0.649159664,100,0
P_6_8_4,m,41,29A,0.658867677,4.951772382,0.337494341,100,0
P_6_8_4,m,41,29C,0.478012508,3.427120468,0.511175651,100,0
P_6_8_4,m,41,29B,0.638259399,4.329185444,0.427734696,100,0
P_9_11_1,f,42,22B,0.457408755,3.520078025,0.463649218,7,0
P_9_11_1,f,42,22A,0.557780795,3.819129616,0.480313065,100,0
P_9_11_1,f,42,22C,0.554812841,4.122015201,0.410125682,100,0
P_9_11_10,f,42,16C,0.604200318,4.652182686,0.350636456,100,0
P_9_11_10,f,42,16A,1.130935229,6.361740768,0.350974396,100,0
P_9_11_10,f,42,16B,1.226692462,7.206430349,0.296677731,100,0
P_9_11_11,f,42,21C,0.457585203,2.992466537,0.641804868,100,0
P_9_11_11,f,42,21A,0.440112279,3.005111993,0.61211328,100,0
P_9_11_11,f,42,21B,0.554858084,3.556400081,0.550998396,100,0
P_9_11_14,m,42,23A,0.664495931,4.705118719,0.376999517,15,0
P_9_11_14,m,42,23B,0.755308083,4.612699267,0.445865111,17,0
P_9_11_14,m,42,23C,0.81254978,4.603686016,0.481535405,100,0
P_9_11_20,m,42,20A,0.440189193,5.074998318,0.214663008,100,0
P_9_11_20,m,42,20B,0.282326618,3.068204749,0.376680198,100,0
P_9_11_20,m,42,20C,0.501950686,4.029192171,0.388342327,100,0
P_9_11_3,m,42,15A,0.591301482,3.313916728,0.676262684,100,0
P_9_11_3,m,42,15B,0.732279294,3.695500101,0.673472639,100,0
P_9_11_3,m,42,15C,0.60784692,3.766597161,0.538127901,100,0
P_9_11_7,m,42,14C,0.563404524,3.351449519,0.630005883,100,0
P_9_11_7,m,42,14A,0.425313229,2.874419856,0.646544054,100,0
P_9_11_7,m,42,14B,0.482441818,3.054617609,0.649412857,100,0
P_9_20_1,m,43,6A,0.643742875,5.48113271,0.269129584,100,0
P_9_20_1,m,43,6B,0.515048592,4.314925674,0.347449111,100,0
P_9_20_1,m,43,6C,0.621542037,5.593058452,0.249552216,100,0
P_9_20_10,m,43,1B,0.776735262,3.77951167,0.682953728,100,0
P_9_20_10,m,43,1A,0.793271652,3.986950965,0.626801151,100,0
P_9_20_10,m,43,1C,0.763994777,3.673236026,0.711184625,100,0
P_9_20_14,f,43,12A,1.207984399,11.61882021,0.112389801,7,0
P_9_20_14,f,43,12C,1.161130541,13.89607856,0.075524206,100,0
P_9_20_14,f,43,12B,0.324343979,5.351382256,0.142253687,100,0
P_9_20_4,f,43,25B,0.423164177,5.256070492,0.192387199,18,20
P_9_20_4,f,43,25A,0.397778217,5.56077218,0.16156989,100,0
P_9_20_4,f,43,25C,0.239924691,3.467209255,0.250671221,100,0
P_9_20_5,f,43,21A,0.8026008,3.912827067,0.658427437,100,0
P_9_20_5,f,43,21B,0.725063003,5.107957221,0.34903653,100,0
P_9_20_5,f,43,21C,0.683294481,3.873612699,0.571959345,100,0
P_9_20_6,m,43,8A,0.494376974,4.552566086,0.299595549,100,0
P_9_20_6,m,43,8B,0.847966157,4.531109168,0.518751192,100,0
P_9_20_6,m,43,8C,0.792262729,4.584448779,0.473461441,100,0
P_9_20_7,f,43,11A,0.89033189,6.656487523,0.252377901,100,0
P_9_20_7,f,43,11B,0.721330439,7.044057308,0.182590483,100,0
P_9_20_7,f,43,11C,0.807066304,7.277123831,0.191416479,100,0
P_9_20_9,m,43,18A,0.462720307,4.577789736,0.277329786,100,0
P_9_20_9,m,43,18C,0.520405387,3.820878456,0.447718435,100,0
P_9_20_9,m,43,5A,0.507995177,3.369879599,0.561850096,100,0
P_9_20_9,m,43,5B,0.40025302,2.831035179,0.627239969,100,0
P_9_20_9,m,43,5C,0.435302927,3.578731419,0.426896913,100,0
P_9_20_9,m,43,18B,0.500430514,4.449115491,0.317530951,100,0
P_9_3_10,m,44,10A,0.046003286,1.754826125,0.187633471,100,0
P_9_3_10,m,44,10B,0.023947226,1.152619896,0.226398021,100,0
P_9_3_10,m,44,10C,0.028023638,1.007062622,0.347057316,100,0
P_9_3_11,f,44,4B,0.775644901,6.45106612,0.234093629,100,0
P_9_3_11,f,44,4A,0.681299256,5.406336181,0.292766552,100,0
P_9_3_11,f,44,4C,0.674815905,5.236227887,0.309127663,100,0
P_9_3_12,m,44,24C,0.564522031,3.234815363,0.677597104,100,0
P_9_3_12,m,44,24A,0.603313551,3.727988162,0.54523493,100,0
P_9_3_12,m,44,24B,0.199545135,2.272280891,0.4854078,100,0
P_9_3_14,m,44,29A,1.008398545,6.137620233,0.336218669,100,0
P_9_3_14,m,44,29B,0.535679491,5.191161633,0.249669537,100,0
P_9_3_14,m,44,29C,0.717281173,4.576242685,0.430190659,100,0
P_9_3_2,f,44,6A,0.955839519,5.423488263,0.408147568,100,0
P_9_3_2,f,44,6B,0.778495223,4.809241945,0.422758491,100,0
P_9_3_2,f,44,6C,0.969168166,5.013049035,0.484378519,100,0
P_9_3_3,m,44,20C,0.336374145,3.316674514,0.384066599,100,0
P_9_3_3,m,44,20A,0.18587264,4.152418107,0.135395102,100,0
P_9_3_3,m,44,20B,0.179696943,1.886728997,0.634032149,100,0
P_9_3_6,f,44,1C,0.566526305,3.609201587,0.546244956,100,0
P_9_3_6,f,44,1A,0.687425185,5.129548665,0.328138184,100,0
P_9_3_6,f,44,1B,0.511058142,4.053608663,0.390639641,100,0
P_9_3_8,f,44,5C,1.002037351,4.967444676,0.510043799,100,0
P_9_3_8,f,44,5A,1.296973249,5.828546445,0.479512723,100,0
P_9_3_8,f,44,5B,1.126297801,5.392950831,0.486395954,100,0
P_9_7_1,f,45,8A,0.779893238,5.123225937,0.373196684,100,0
P_9_7_1,f,45,8B,0.814640016,4.133988027,0.598710603,100,0
P_9_7_1,f,45,8C,0.842197649,4.546579673,0.511721957,100,0
P_9_7_10,m,45,4B,0.617180592,4.415282169,0.397635338,100,0
P_9_7_10,m,45,4C,0.542022588,4.266899845,0.373922955,100,0
P_9_7_10,m,45,4A,0.516170623,5.916324746,0.185216177,100,0
P_9_7_11,m,45,25B,0.446808273,4.006524517,0.349603069,100,0
P_9_7_11,m,45,25C,0.566110068,3.634290711,0.538333232,100,0
P_9_7_11,m,45,25A,0.555717705,3.556131028,0.551935545,100,0
P_9_7_12,f,45,11A,0.820254697,9.761619695,0.108117152,100,0
P_9_7_12,f,45,11B,0.902466116,8.607587274,0.152988108,100,0
P_9_7_12,f,45,11C,0.752023426,7.520952445,0.166984178,100,0
P_9_7_18,m,45,5A,0.458159792,3.44010224,0.486254812,100,0
P_9_7_18,m,45,5B,0.423960457,3.15423421,0.535213569,100,0
P_9_7_18,m,45,5C,0.412269614,3.372233806,0.455339798,100,0
P_9_7_21,f,45,20B,0.648095271,5.222506222,0.298449297,100,0
P_9_7_21,f,45,20C,0.541334891,4.170780924,0.390859707,100,0
P_9_7_21,f,45,20A,0.461231805,4.504674783,0.28548415,100,0
P_9_7_3,f,45,6A,0.945130454,3.975785296,0.750992414,100,0
P_9_7_3,f,45,6B,0.774301178,3.924194525,0.631536571,100,0
P_9_7_3,f,45,6C,0.721280672,3.775072308,0.63568708,100,0
P_9_7_4,m,45,1C,0.465190585,3.513418982,0.473326336,100,0
P_9_7_4,m,45,1B,0.519921285,5.010694827,0.260094597,100,0
P_9_7_4,m,45,1A,0.621238907,3.919351584,0.507948684,100,0